Date,HomeTeam,AwayTeam,GoalDiff,AHh,PCAHH,Residual,Adjustment,Handicap_Pred
2024-08-16,Man United,Fulham,1,-1.0,1.83,2.0,0.2827207417982893,-0.7172792582017107
2024-08-17,Ipswich,Liverpool,-2,1.5,2.04,-3.5,0.4814408601364786,1.9814408601364786
2024-08-17,Arsenal,Wolves,2,-2.0,2.0,4.0,0.44358940902444255,-1.5564105909755575
2024-08-17,Everton,Brighton,-3,0.0,1.86,-3.0,0.31110933013231645,0.31110933013231645
2024-08-17,Newcastle,Southampton,1,-1.5,1.88,2.5,0.33003505568833424,-1.1699649443116658
2024-08-17,Nott'm Forest,Bournemouth,0,0.0,1.94,0.0,0.3868122323563885,0.3868122323563885
2024-08-17,West Ham,Aston Villa,-1,-0.25,1.85,-0.75,0.30164646735430733,0.051646467354307335
2024-08-18,Brentford,Crystal Palace,1,-0.25,2.06,1.25,0.5003665856924966,0.2503665856924966
2024-08-18,Chelsea,Man City,-2,0.5,1.96,-2.5,0.4057379579124065,0.9057379579124065
2024-08-19,Leicester,Tottenham,0,1.0,2.02,-1.0,0.46251513458046056,1.4625151345804606
2024-08-24,Brighton,Man United,1,0.0,2.12,1.0,0.5571437623605506,0.5571437623605506
2024-08-24,Crystal Palace,West Ham,-2,-0.25,1.98,-1.75,0.42466368346842454,0.17466368346842454
2024-08-24,Fulham,Leicester,1,-0.75,1.88,1.75,0.33003505568833424,-0.41996494431166576
2024-08-24,Man City,Ipswich,3,-2.75,1.82,5.75,0.2732578790202804,-2.4767421209797194
2024-08-24,Southampton,Nott'm Forest,-1,0.0,2.03,-1.0,0.47197799735846946,0.47197799735846946
2024-08-24,Tottenham,Everton,4,-1.25,2.01,5.25,0.45305227180245145,-0.7969477281975486
2024-08-24,Aston Villa,Arsenal,-2,0.75,1.98,-2.75,0.42466368346842454,1.1746636834684245
2024-08-25,Bournemouth,Newcastle,0,0.25,1.94,-0.25,0.3868122323563885,0.6368122323563885
2024-08-25,Wolves,Chelsea,-4,0.75,1.99,-4.75,0.43412654624643343,1.1841265462464334
2024-08-25,Liverpool,Brentford,2,-1.75,2.07,3.75,0.5098294484705055,-1.2401705515294945
2024-08-31,Arsenal,Brighton,0,-1.5,2.09,1.5,0.5287551740265235,-0.9712448259734765
2024-08-31,Brentford,Southampton,2,-0.75,2.09,2.75,0.5287551740265235,-0.2212448259734765
2024-08-31,Everton,Bournemouth,-1,0.0,1.87,-1.0,0.32057219291032535,0.32057219291032535
2024-08-31,Ipswich,Fulham,0,0.25,1.83,-0.25,0.2827207417982893,0.5327207417982893
2024-08-31,Leicester,Aston Villa,-1,0.75,2.0,-1.75,0.44358940902444255,1.1935894090244425
2024-08-31,Nott'm Forest,Wolves,0,-0.5,2.01,0.5,0.45305227180245145,-0.046947728197548555
2024-08-31,West Ham,Man City,-2,1.5,1.99,-3.5,0.43412654624643343,1.9341265462464334
2024-09-01,Chelsea,Crystal Palace,0,-1.0,1.85,1.0,0.30164646735430733,-0.6983535326456927
2024-09-01,Newcastle,Tottenham,1,0.0,1.92,1.0,0.36788650680037027,0.36788650680037027
2024-09-01,Man United,Liverpool,-3,0.5,1.92,-3.5,0.36788650680037027,0.8678865068003703
2024-09-14,Southampton,Man United,-3,0.75,1.88,-3.75,0.33003505568833424,1.0800350556883342
2024-09-14,Brighton,Ipswich,0,-1.5,1.89,1.5,0.33949791846634336,-1.1605020815336566
2024-09-14,Crystal Palace,Leicester,0,-1.0,1.87,1.0,0.32057219291032535,-0.6794278070896747
2024-09-14,Fulham,West Ham,0,-0.25,2.04,0.25,0.4814408601364786,0.23144086013647858
2024-09-14,Liverpool,Nott'm Forest,-1,-2.0,1.85,1.0,0.30164646735430733,-1.6983535326456927
2024-09-14,Man City,Brentford,1,-2.0,2.09,3.0,0.5287551740265235,-1.4712448259734765
2024-09-14,Aston Villa,Everton,1,-1.0,1.87,2.0,0.32057219291032535,-0.6794278070896747
2024-09-14,Bournemouth,Chelsea,-1,0.5,1.97,-1.5,0.4152008206904154,0.9152008206904154
2024-09-15,Tottenham,Arsenal,-1,0.25,2.01,-1.25,0.45305227180245145,0.7030522718024514
2024-09-15,Wolves,Newcastle,-1,0.25,1.85,-1.25,0.30164646735430733,0.5516464673543073
2024-09-21,West Ham,Chelsea,-3,0.5,1.9,-3.5,0.34896078124435226,0.8489607812443523
2024-09-21,Aston Villa,Wolves,2,-1.0,1.85,3.0,0.30164646735430733,-0.6983535326456927
2024-09-21,Fulham,Newcastle,2,0.25,1.85,1.75,0.30164646735430733,0.5516464673543073
2024-09-21,Leicester,Everton,0,0.0,1.81,0.0,0.2637950162422713,0.2637950162422713
2024-09-21,Liverpool,Bournemouth,3,-1.75,1.87,4.75,0.32057219291032535,-1.4294278070896747
2024-09-21,Southampton,Ipswich,0,-0.25,2.09,0.25,0.5287551740265235,0.2787551740265235
2024-09-21,Tottenham,Brentford,2,-1.0,2.01,3.0,0.45305227180245145,-0.5469477281975486
2024-09-21,Crystal Palace,Man United,0,0.25,1.74,-0.25,0.19755497679620815,0.44755497679620815
2024-09-22,Brighton,Nott'm Forest,0,-0.75,2.09,0.75,0.5287551740265235,-0.2212448259734765
2024-09-22,Man City,Arsenal,0,-0.75,2.06,0.75,0.5003665856924966,-0.2496334143075034
2024-09-28,Newcastle,Man City,0,1.0,2.04,-1.0,0.4814408601364786,1.4814408601364786
2024-09-28,Arsenal,Leicester,2,-2.0,1.85,4.0,0.30164646735430733,-1.6983535326456927
2024-09-28,Brentford,West Ham,0,-0.25,1.96,0.25,0.4057379579124065,0.15573795791240652
2024-09-28,Chelsea,Brighton,2,-0.75,2.04,2.75,0.4814408601364786,-0.2685591398635214
2024-09-28,Everton,Crystal Palace,1,0.0,1.99,1.0,0.43412654624643343,0.43412654624643343
2024-09-28,Nott'm Forest,Fulham,-1,-0.25,1.85,-0.75,0.30164646735430733,0.051646467354307335
2024-09-28,Wolves,Liverpool,-1,1.5,2.01,-2.5,0.45305227180245145,1.9530522718024514
2024-09-29,Ipswich,Aston Villa,0,0.5,1.83,-0.5,0.2827207417982893,0.7827207417982893
2024-09-29,Man United,Tottenham,-3,-0.25,1.89,-2.75,0.33949791846634336,0.08949791846634336
2024-09-30,Bournemouth,Southampton,2,-0.75,1.77,2.75,0.22594356513023528,-0.5240564348697647
2024-10-05,Crystal Palace,Liverpool,-1,1.0,2.05,-2.0,0.4909037229144875,1.4909037229144875
2024-10-05,Arsenal,Southampton,2,-2.25,1.88,4.25,0.33003505568833424,-1.9199649443116658
2024-10-05,Brentford,Wolves,2,-0.25,2.11,2.25,0.5476808995825415,0.2976808995825415
2024-10-05,Leicester,Bournemouth,1,0.25,1.9,0.75,0.34896078124435226,0.5989607812443523
2024-10-05,Man City,Fulham,1,-1.75,2.01,2.75,0.45305227180245145,-1.2969477281975486
2024-10-05,West Ham,Ipswich,3,-0.75,1.93,3.75,0.3773493695783794,-0.3726506304216206
2024-10-05,Everton,Newcastle,0,0.25,1.92,-0.25,0.36788650680037027,0.6178865068003703
2024-10-06,Aston Villa,Man United,0,-0.25,1.96,0.25,0.4057379579124065,0.15573795791240652
2024-10-06,Chelsea,Nott'm Forest,0,-1.25,2.11,1.25,0.5476808995825415,-0.7023191004174585
2024-10-06,Brighton,Tottenham,1,0.25,1.9,0.75,0.34896078124435226,0.5989607812443523
2024-10-19,Tottenham,West Ham,3,-1.25,1.93,4.25,0.3773493695783794,-0.8726506304216206
2024-10-19,Fulham,Aston Villa,-2,-0.25,2.15,-1.75,0.5855323506945775,0.33553235069457754
2024-10-19,Ipswich,Everton,-2,-0.25,2.11,-1.75,0.5476808995825415,0.2976808995825415
2024-10-19,Man United,Brentford,1,-0.75,1.84,1.75,0.29218360457629844,-0.45781639542370156
2024-10-19,Newcastle,Brighton,-1,-0.5,1.96,-0.5,0.4057379579124065,-0.09426204208759348
2024-10-19,Southampton,Leicester,-1,-0.25,1.93,-0.75,0.3773493695783794,0.1273493695783794
2024-10-19,Bournemouth,Arsenal,2,0.75,1.93,1.25,0.3773493695783794,1.1273493695783794
2024-10-20,Wolves,Man City,-1,1.5,1.85,-2.5,0.30164646735430733,1.8016464673543073
2024-10-20,Liverpool,Chelsea,1,-1.0,1.92,2.0,0.36788650680037027,-0.6321134931996297
2024-10-21,Nott'm Forest,Crystal Palace,1,-0.25,2.04,1.25,0.4814408601364786,0.23144086013647858
2024-10-25,Leicester,Nott'm Forest,-2,0.25,1.83,-2.25,0.2827207417982893,0.5327207417982893
2024-10-26,Aston Villa,Bournemouth,0,-0.5,2.03,0.5,0.47197799735846946,-0.02802200264153054
2024-10-26,Brentford,Ipswich,1,-0.75,1.86,1.75,0.31110933013231645,-0.43889066986768355
2024-10-26,Brighton,Wolves,0,-1.0,1.96,1.0,0.4057379579124065,-0.5942620420875935
2024-10-26,Man City,Southampton,1,-2.5,1.97,3.5,0.4152008206904154,-2.0847991793095844
2024-10-26,Everton,Fulham,0,0.0,1.95,0.0,0.3962750951343974,0.3962750951343974
2024-10-27,Chelsea,Newcastle,1,-0.75,2.06,1.75,0.5003665856924966,-0.2496334143075034
2024-10-27,Crystal Palace,Tottenham,1,0.5,1.96,0.5,0.4057379579124065,0.9057379579124065
2024-10-27,West Ham,Man United,1,0.25,2.05,0.75,0.4909037229144875,0.7409037229144875
2024-10-27,Arsenal,Liverpool,0,0.0,1.96,0.0,0.4057379579124065,0.4057379579124065
2024-11-02,Newcastle,Arsenal,1,0.5,1.95,0.5,0.3962750951343974,0.8962750951343974
2024-11-02,Bournemouth,Man City,1,1.0,1.99,0.0,0.43412654624643343,1.4341265462464334
2024-11-02,Ipswich,Leicester,0,-0.25,2.05,0.25,0.4909037229144875,0.24090372291448747
2024-11-02,Liverpool,Brighton,1,-1.5,2.0,2.5,0.44358940902444255,-1.0564105909755575
2024-11-02,Nott'm Forest,West Ham,3,-0.25,2.06,3.25,0.5003665856924966,0.2503665856924966
2024-11-02,Southampton,Everton,1,0.0,1.93,1.0,0.3773493695783794,0.3773493695783794
2024-11-02,Wolves,Crystal Palace,0,0.0,2.11,0.0,0.5476808995825415,0.5476808995825415
2024-11-03,Tottenham,Aston Villa,3,-0.5,2.0,3.5,0.44358940902444255,-0.05641059097555745
2024-11-03,Man United,Chelsea,0,0.0,2.01,0.0,0.45305227180245145,0.45305227180245145
2024-11-04,Fulham,Brentford,1,-0.5,2.03,1.5,0.47197799735846946,-0.02802200264153054
2024-11-09,Brentford,Bournemouth,1,0.0,1.93,1.0,0.3773493695783794,0.3773493695783794
2024-11-09,Crystal Palace,Fulham,-2,0.0,1.93,-2.0,0.3773493695783794,0.3773493695783794
2024-11-09,West Ham,Everton,0,-0.25,1.88,0.25,0.33003505568833424,0.08003505568833424
2024-11-09,Wolves,Southampton,2,-0.5,1.96,2.5,0.4057379579124065,-0.09426204208759348
2024-11-09,Brighton,Man City,1,0.75,1.85,0.25,0.30164646735430733,1.0516464673543073
2024-11-09,Liverpool,Aston Villa,2,-1.25,2.06,3.25,0.5003665856924966,-0.7496334143075034
2024-11-10,Man United,Leicester,3,-1.5,1.96,4.5,0.4057379579124065,-1.0942620420875935
2024-11-10,Nott'm Forest,Newcastle,-2,0.0,2.0,-2.0,0.44358940902444255,0.44358940902444255
2024-11-10,Tottenham,Ipswich,-1,-1.75,1.88,0.75,0.33003505568833424,-1.4199649443116658
2024-11-10,Chelsea,Arsenal,0,0.0,1.77,0.0,0.22594356513023528,0.22594356513023528
2024-11-23,Leicester,Chelsea,-1,1.25,1.94,-2.25,0.3868122323563885,1.6368122323563885
2024-11-23,Arsenal,Nott'm Forest,3,-1.25,1.96,4.25,0.4057379579124065,-0.8442620420875935
2024-11-23,Aston Villa,Crystal Palace,0,-1.0,1.99,1.0,0.43412654624643343,-0.5658734537535666
2024-11-23,Bournemouth,Brighton,-1,-0.25,1.83,-0.75,0.2827207417982893,0.03272074179828932
2024-11-23,Everton,Brentford,0,-0.25,2.05,0.25,0.4909037229144875,0.24090372291448747
2024-11-23,Fulham,Wolves,-3,-0.75,1.94,-2.25,0.3868122323563885,-0.3631877676436115
2024-11-23,Man City,Tottenham,-4,-1.25,2.08,-2.75,0.5192923112485148,-0.7307076887514852
2024-11-24,Southampton,Liverpool,-1,1.75,2.01,-2.75,0.45305227180245145,2.2030522718024512
2024-11-24,Ipswich,Man United,0,1.0,2.06,-1.0,0.5003665856924966,1.5003665856924966
2024-11-25,Newcastle,West Ham,-2,-1.0,2.05,-1.0,0.4909037229144875,-0.5090962770855125
2024-11-29,Brighton,Southampton,0,-1.5,2.01,1.5,0.45305227180245145,-1.0469477281975486
2024-11-30,Brentford,Leicester,3,-0.75,2.05,3.75,0.4909037229144875,-0.2590962770855125
2024-11-30,Crystal Palace,Newcastle,0,0.25,1.96,-0.25,0.4057379579124065,0.6557379579124065
2024-11-30,Nott'm Forest,Ipswich,1,-0.75,1.94,1.75,0.3868122323563885,-0.3631877676436115
2024-11-30,Wolves,Bournemouth,-2,0.0,1.99,-2.0,0.43412654624643343,0.43412654624643343
2024-11-30,West Ham,Arsenal,-3,1.25,1.94,-4.25,0.3868122323563885,1.6368122323563885
2024-12-01,Chelsea,Aston Villa,3,-0.75,1.96,3.75,0.4057379579124065,-0.3442620420875935
2024-12-01,Man United,Everton,4,-1.0,2.07,5.0,0.5098294484705055,-0.4901705515294945
2024-12-01,Tottenham,Fulham,0,-0.75,1.99,0.75,0.43412654624643343,-0.31587345375356657
2024-12-01,Liverpool,Man City,2,-0.25,2.07,2.25,0.5098294484705055,0.2598294484705055
2024-12-03,Ipswich,Crystal Palace,-1,0.25,1.94,-1.25,0.3868122323563885,0.6368122323563885
2024-12-03,Leicester,West Ham,2,0.25,1.84,1.75,0.29218360457629844,0.5421836045762984
2024-12-04,Everton,Wolves,4,-0.25,1.84,4.25,0.29218360457629844,0.04218360457629844
2024-12-04,Man City,Nott'm Forest,3,-1.5,1.88,4.5,0.33003505568833424,-1.1699649443116658
2024-12-04,Newcastle,Liverpool,0,0.75,1.88,-0.75,0.33003505568833424,1.0800350556883342
2024-12-04,Southampton,Chelsea,-4,1.5,2.07,-5.5,0.5098294484705055,2.0098294484705055
2024-12-04,Arsenal,Man United,2,-1.25,2.07,3.25,0.5098294484705055,-0.7401705515294945
2024-12-04,Aston Villa,Brentford,2,-0.75,1.85,2.75,0.30164646735430733,-0.44835353264569267
2024-12-05,Fulham,Brighton,2,-0.25,1.94,2.25,0.3868122323563885,0.1368122323563885
2024-12-05,Bournemouth,Tottenham,1,0.0,1.95,1.0,0.3962750951343974,0.3962750951343974
2024-12-07,Aston Villa,Southampton,1,-1.5,1.9,2.5,0.34896078124435226,-1.1510392187556477
2024-12-07,Brentford,Newcastle,2,0.25,1.89,1.75,0.33949791846634336,0.5894979184663434
2024-12-07,Crystal Palace,Man City,0,1.0,1.95,-1.0,0.3962750951343974,1.3962750951343974
2024-12-07,Man United,Nott'm Forest,-1,-0.75,1.89,-0.25,0.33949791846634336,-0.41050208153365664
2024-12-08,Fulham,Arsenal,0,1.0,1.83,-1.0,0.2827207417982893,1.2827207417982893
2024-12-08,Ipswich,Bournemouth,-1,0.5,1.96,-1.5,0.4057379579124065,0.9057379579124065
2024-12-08,Leicester,Brighton,0,0.75,2.08,-0.75,0.5192923112485148,1.2692923112485148
2024-12-08,Tottenham,Chelsea,-1,0.5,1.93,-1.5,0.3773493695783794,0.8773493695783794
2024-12-09,West Ham,Wolves,1,-0.5,2.06,1.5,0.5003665856924966,0.00036658569249659045
2024-12-14,Arsenal,Everton,0,-1.75,2.04,1.75,0.4814408601364786,-1.2685591398635214
2024-12-14,Liverpool,Fulham,0,-1.5,2.02,1.5,0.46251513458046056,-1.0374848654195394
2024-12-14,Newcastle,Leicester,4,-1.5,1.98,5.5,0.42466368346842454,-1.0753363165315755
2024-12-14,Wolves,Ipswich,-1,-0.5,2.01,-0.5,0.45305227180245145,-0.046947728197548555
2024-12-14,Nott'm Forest,Aston Villa,1,0.0,1.93,1.0,0.3773493695783794,0.3773493695783794
2024-12-15,Brighton,Crystal Palace,-2,-0.5,1.93,-1.5,0.3773493695783794,-0.12265063042162061
2024-12-15,Man City,Man United,-1,-1.0,2.11,0.0,0.5476808995825415,-0.4523191004174585
2024-12-15,Chelsea,Brentford,1,-1.5,1.88,2.5,0.33003505568833424,-1.1699649443116658
2024-12-15,Southampton,Tottenham,-5,0.75,1.94,-5.75,0.3868122323563885,1.1368122323563885
2024-12-16,Bournemouth,West Ham,0,-0.75,2.0,0.75,0.44358940902444255,-0.30641059097555745
2024-12-21,Aston Villa,Man City,1,0.25,1.96,0.75,0.4057379579124065,0.6557379579124065
2024-12-21,Brentford,Nott'm Forest,-2,-0.25,1.87,-1.75,0.32057219291032535,0.07057219291032535
2024-12-21,Ipswich,Newcastle,-4,0.75,1.99,-4.75,0.43412654624643343,1.1841265462464334
2024-12-21,West Ham,Brighton,0,0.25,2.1,-0.25,0.5382180368045328,0.7882180368045328
2024-12-21,Crystal Palace,Arsenal,-4,1.0,2.15,-5.0,0.5855323506945775,1.5855323506945775
2024-12-22,Everton,Chelsea,0,0.75,2.04,-0.75,0.4814408601364786,1.2314408601364786
2024-12-22,Fulham,Southampton,0,-1.25,2.17,1.25,0.6044580762505958,-0.6455419237494042
2024-12-22,Leicester,Wolves,-3,0.0,1.85,-3.0,0.30164646735430733,0.30164646735430733
2024-12-22,Man United,Bournemouth,-3,-0.5,1.87,-2.5,0.32057219291032535,-0.17942780708967465
2024-12-22,Tottenham,Liverpool,-3,0.75,1.89,-3.75,0.33949791846634336,1.0894979184663434
2024-12-26,Man City,Everton,0,-1.5,2.01,1.5,0.45305227180245145,-1.0469477281975486
2024-12-26,Bournemouth,Crystal Palace,0,-0.5,1.85,0.5,0.30164646735430733,-0.19835353264569267
2024-12-26,Chelsea,Fulham,-1,-1.25,2.02,0.25,0.46251513458046056,-0.7874848654195394
2024-12-26,Newcastle,Aston Villa,3,-0.5,1.95,3.5,0.3962750951343974,-0.1037249048656026
2024-12-26,Nott'm Forest,Tottenham,1,-0.25,1.9,1.25,0.34896078124435226,0.09896078124435226
2024-12-26,Southampton,West Ham,-1,0.25,1.91,-1.25,0.3584236440223614,0.6084236440223614
2024-12-26,Wolves,Man United,2,0.5,1.88,1.5,0.33003505568833424,0.8300350556883342
2024-12-26,Liverpool,Leicester,2,-2.75,1.99,4.75,0.43412654624643343,-2.3158734537535666
2024-12-27,Brighton,Brentford,0,-1.0,2.04,1.0,0.4814408601364786,-0.5185591398635214
2024-12-27,Arsenal,Ipswich,1,-2.25,2.01,3.25,0.45305227180245145,-1.7969477281975486
2024-12-29,Leicester,Man City,-2,1.5,1.98,-3.5,0.42466368346842454,1.9246636834684245
2024-12-29,Crystal Palace,Southampton,1,-1.0,1.88,2.0,0.33003505568833424,-0.6699649443116658
2024-12-29,Everton,Nott'm Forest,-2,0.0,1.86,-2.0,0.31110933013231645,0.31110933013231645
2024-12-29,Fulham,Bournemouth,0,-0.25,1.97,0.25,0.4152008206904154,0.16520082069041542
2024-12-29,Tottenham,Wolves,0,-1.0,1.83,1.0,0.2827207417982893,-0.7172792582017107
2024-12-29,West Ham,Liverpool,-5,1.5,1.87,-6.5,0.32057219291032535,1.8205721929103253
2024-12-30,Aston Villa,Brighton,0,-0.5,1.87,0.5,0.32057219291032535,-0.17942780708967465
2024-12-30,Ipswich,Chelsea,2,1.25,1.81,0.75,0.2637950162422713,1.5137950162422713
2024-12-30,Man United,Newcastle,-2,0.0,2.01,-2.0,0.45305227180245145,0.45305227180245145
2025-01-01,Brentford,Arsenal,-2,1.25,1.71,-3.25,0.16916638846218102,1.419166388462181
2025-01-04,Tottenham,Newcastle,-1,0.25,1.94,-1.25,0.3868122323563885,0.6368122323563885
2025-01-04,Aston Villa,Leicester,1,-1.5,1.95,2.5,0.3962750951343974,-1.1037249048656026
2025-01-04,Bournemouth,Everton,1,-0.75,1.91,1.75,0.3584236440223614,-0.3915763559776386
2025-01-04,Crystal Palace,Chelsea,0,0.5,1.93,-0.5,0.3773493695783794,0.8773493695783794
2025-01-04,Man City,West Ham,3,-1.5,2.01,4.5,0.45305227180245145,-1.0469477281975486
2025-01-04,Southampton,Brentford,-5,0.25,2.05,-5.25,0.4909037229144875,0.7409037229144875
2025-01-04,Brighton,Arsenal,0,0.75,1.88,-0.75,0.33003505568833424,1.0800350556883342
2025-01-05,Fulham,Ipswich,0,-1.0,1.96,1.0,0.4057379579124065,-0.5942620420875935
2025-01-05,Liverpool,Man United,0,-1.75,2.02,1.75,0.46251513458046056,-1.2874848654195394
2025-01-06,Wolves,Nott'm Forest,-3,0.25,1.91,-3.25,0.3584236440223614,0.6084236440223614
2025-01-14,Brentford,Man City,0,1.0,1.93,-1.0,0.3773493695783794,1.3773493695783794
2025-01-14,Chelsea,Bournemouth,0,-1.25,1.86,1.25,0.31110933013231645,-0.9388906698676835
2025-01-14,West Ham,Fulham,1,0.25,1.86,0.75,0.31110933013231645,0.5611093301323165
2025-01-14,Nott'm Forest,Liverpool,0,1.0,1.88,-1.0,0.33003505568833424,1.3300350556883342
2025-01-15,Everton,Aston Villa,-1,0.25,1.93,-1.25,0.3773493695783794,0.6273493695783794
2025-01-15,Leicester,Crystal Palace,-2,0.5,1.94,-2.5,0.3868122323563885,0.8868122323563885
2025-01-15,Newcastle,Wolves,3,-1.5,2.09,4.5,0.5287551740265235,-0.9712448259734765
2025-01-15,Arsenal,Tottenham,1,-1.25,1.85,2.25,0.30164646735430733,-0.9483535326456927
2025-01-16,Ipswich,Brighton,-2,0.5,1.94,-2.5,0.3868122323563885,0.8868122323563885
2025-01-16,Man United,Southampton,2,-1.5,2.04,3.5,0.4814408601364786,-1.0185591398635214
2025-01-18,Newcastle,Bournemouth,-3,-0.75,2.07,-2.25,0.5098294484705055,-0.2401705515294945
2025-01-18,Brentford,Liverpool,-2,1.25,1.94,-3.25,0.3868122323563885,1.6368122323563885
2025-01-18,Leicester,Fulham,-2,0.5,1.87,-2.5,0.32057219291032535,0.8205721929103253
2025-01-18,West Ham,Crystal Palace,-2,0.0,2.04,-2.0,0.4814408601364786,0.4814408601364786
2025-01-18,Arsenal,Aston Villa,0,-1.0,1.98,1.0,0.42466368346842454,-0.5753363165315755
2025-01-19,Everton,Tottenham,1,0.25,1.86,0.75,0.31110933013231645,0.5611093301323165
2025-01-19,Man United,Brighton,-2,-0.25,2.02,-1.75,0.46251513458046056,0.21251513458046056
2025-01-19,Nott'm Forest,Southampton,1,-1.25,1.87,2.25,0.32057219291032535,-0.9294278070896747
2025-01-19,Ipswich,Man City,-6,1.5,1.86,-7.5,0.31110933013231645,1.8111093301323165
2025-01-20,Chelsea,Wolves,2,-1.5,1.94,3.5,0.3868122323563885,-1.1131877676436115
2025-01-25,Bournemouth,Nott'm Forest,5,-0.25,1.98,5.25,0.42466368346842454,0.17466368346842454
2025-01-25,Brighton,Everton,-1,-0.75,1.97,-0.25,0.4152008206904154,-0.3347991793095846
2025-01-25,Liverpool,Ipswich,3,-2.5,1.91,5.5,0.3584236440223614,-2.1415763559776386
2025-01-25,Southampton,Newcastle,-2,1.25,1.93,-3.25,0.3773493695783794,1.6273493695783794
2025-01-25,Wolves,Arsenal,-1,1.25,1.86,-2.25,0.31110933013231645,1.5611093301323165
2025-01-25,Man City,Chelsea,2,-0.5,2.1,2.5,0.5382180368045328,0.03821803680453284
2025-01-26,Crystal Palace,Brentford,-1,-0.5,1.98,-0.5,0.42466368346842454,-0.07533631653157546
2025-01-26,Tottenham,Leicester,-1,-1.25,2.07,0.25,0.5098294484705055,-0.7401705515294945
2025-01-26,Aston Villa,West Ham,0,-1.0,2.04,1.0,0.4814408601364786,-0.5185591398635214
2025-01-26,Fulham,Man United,-1,-0.25,2.08,-0.75,0.5192923112485148,0.2692923112485148
2025-02-01,Nott'm Forest,Brighton,7,-0.25,1.94,7.25,0.3868122323563885,0.1368122323563885
2025-02-01,Bournemouth,Liverpool,-2,0.75,2.02,-2.75,0.46251513458046056,1.2125151345804606
2025-02-01,Everton,Leicester,4,-0.75,1.97,4.75,0.4152008206904154,-0.3347991793095846
2025-02-01,Ipswich,Southampton,-1,-0.5,1.92,-0.5,0.36788650680037027,-0.13211349319962973
2025-02-01,Newcastle,Fulham,-1,-0.75,1.99,-0.25,0.43412654624643343,-0.31587345375356657
2025-02-01,Wolves,Aston Villa,2,0.25,1.95,1.75,0.3962750951343974,0.6462750951343974
2025-02-02,Brentford,Tottenham,-2,-0.25,1.98,-1.75,0.42466368346842454,0.17466368346842454
2025-02-02,Man United,Crystal Palace,-2,-0.5,2.03,-1.5,0.47197799735846946,-0.02802200264153054
2025-02-02,Arsenal,Man City,4,-0.5,1.92,4.5,0.36788650680037027,-0.13211349319962973
2025-02-03,Chelsea,West Ham,1,-1.5,1.96,2.5,0.4057379579124065,-1.0942620420875935
2025-02-12,Everton,Liverpool,0,1.25,1.87,-1.25,0.32057219291032535,1.5705721929103253
2025-02-14,Brighton,Chelsea,3,0.25,1.87,2.75,0.32057219291032535,0.5705721929103253
2025-02-15,Leicester,Arsenal,-2,1.5,1.91,-3.5,0.3584236440223614,1.8584236440223614
2025-02-15,Aston Villa,Ipswich,0,-1.25,1.94,1.25,0.3868122323563885,-0.8631877676436115
2025-02-15,Fulham,Nott'm Forest,1,-0.25,1.84,1.25,0.29218360457629844,0.04218360457629844
2025-02-15,Man City,Newcastle,4,-0.5,1.85,4.5,0.30164646735430733,-0.19835353264569267
2025-02-15,Southampton,Bournemouth,-2,1.0,1.86,-3.0,0.31110933013231645,1.3111093301323165
2025-02-15,West Ham,Brentford,-1,0.0,2.1,-1.0,0.5382180368045328,0.5382180368045328
2025-02-15,Crystal Palace,Everton,-1,-0.5,2.01,-0.5,0.45305227180245145,-0.046947728197548555
2025-02-16,Liverpool,Wolves,1,-2.0,1.85,3.0,0.30164646735430733,-1.6983535326456927
2025-02-16,Tottenham,Man United,1,0.0,1.94,1.0,0.3868122323563885,0.3868122323563885
2025-02-19,Aston Villa,Liverpool,0,0.5,2.03,-0.5,0.47197799735846946,0.9719779973584695
2025-02-21,Leicester,Brentford,-4,0.5,1.93,-4.5,0.3773493695783794,0.8773493695783794
2025-02-22,Everton,Man United,0,0.0,1.86,0.0,0.31110933013231645,0.31110933013231645
2025-02-22,Arsenal,West Ham,-1,-1.75,1.94,0.75,0.3868122323563885,-1.3631877676436115
2025-02-22,Bournemouth,Wolves,-1,-1.0,1.84,0.0,0.29218360457629844,-0.7078163954237016
2025-02-22,Fulham,Crystal Palace,-2,-0.5,1.81,-1.5,0.2637950162422713,-0.2362049837577287
2025-02-22,Ipswich,Tottenham,-3,0.5,1.82,-3.5,0.2732578790202804,0.7732578790202804
2025-02-22,Southampton,Brighton,-4,1.0,2.01,-5.0,0.45305227180245145,1.4530522718024514
2025-02-22,Aston Villa,Chelsea,1,0.0,1.97,1.0,0.4152008206904154,0.4152008206904154
2025-02-23,Newcastle,Nott'm Forest,1,-0.75,1.93,1.75,0.3773493695783794,-0.3726506304216206
2025-02-23,Man City,Liverpool,-2,0.25,1.98,-2.25,0.42466368346842454,0.6746636834684245
2025-02-25,Brighton,Bournemouth,1,-0.25,2.02,1.25,0.46251513458046056,0.21251513458046056
2025-02-25,Crystal Palace,Aston Villa,3,0.0,1.97,3.0,0.4152008206904154,0.4152008206904154
2025-02-25,Wolves,Fulham,-1,0.0,2.08,-1.0,0.5192923112485148,0.5192923112485148
2025-02-25,Chelsea,Southampton,4,-2.25,1.94,6.25,0.3868122323563885,-1.8631877676436115
2025-02-26,Brentford,Everton,0,-0.5,2.04,0.5,0.4814408601364786,-0.018559139863521423
2025-02-26,Man United,Ipswich,1,-1.0,1.87,2.0,0.32057219291032535,-0.6794278070896747
2025-02-26,Nott'm Forest,Arsenal,0,0.5,1.95,-0.5,0.3962750951343974,0.8962750951343974
2025-02-26,Tottenham,Man City,-1,0.5,2.07,-1.5,0.5098294484705055,1.0098294484705055
2025-02-26,Liverpool,Newcastle,2,-1.0,2.02,3.0,0.46251513458046056,-0.5374848654195394
2025-02-27,West Ham,Leicester,2,-1.0,2.03,3.0,0.47197799735846946,-0.5280220026415305
2025-03-08,Nott'm Forest,Man City,1,0.5,1.97,0.5,0.4152008206904154,0.9152008206904154
2025-03-08,Brighton,Fulham,1,-0.5,2.02,1.5,0.46251513458046056,-0.03748486541953944
2025-03-08,Crystal Palace,Ipswich,1,-1.25,1.94,2.25,0.3868122323563885,-0.8631877676436115
2025-03-08,Liverpool,Southampton,2,-2.5,2.04,4.5,0.4814408601364786,-2.0185591398635214
2025-03-08,Brentford,Aston Villa,-1,-0.25,2.15,-0.75,0.5855323506945775,0.33553235069457754
2025-03-08,Wolves,Everton,0,0.0,1.96,0.0,0.4057379579124065,0.4057379579124065
2025-03-09,Chelsea,Leicester,1,-2.0,1.85,3.0,0.30164646735430733,-1.6983535326456927
2025-03-09,Tottenham,Bournemouth,0,0.0,1.83,0.0,0.2827207417982893,0.2827207417982893
2025-03-09,Man United,Arsenal,0,0.75,1.9,-0.75,0.34896078124435226,1.0989607812443523
2025-03-10,West Ham,Newcastle,-1,0.25,2.0,-1.25,0.44358940902444255,0.6935894090244425
2025-03-15,Everton,West Ham,0,-0.25,1.82,0.25,0.2732578790202804,0.023257879020280425
2025-03-15,Ipswich,Nott'm Forest,-2,0.5,1.91,-2.5,0.3584236440223614,0.8584236440223614
2025-03-15,Man City,Brighton,0,-0.75,2.06,0.75,0.5003665856924966,-0.2496334143075034
2025-03-15,Southampton,Wolves,-1,0.5,1.85,-1.5,0.30164646735430733,0.8016464673543073
2025-03-15,Bournemouth,Brentford,-1,-0.75,1.96,-0.25,0.4057379579124065,-0.3442620420875935
2025-03-16,Arsenal,Chelsea,1,-0.75,1.96,1.75,0.4057379579124065,-0.3442620420875935
2025-03-16,Fulham,Tottenham,2,-0.5,1.85,2.5,0.30164646735430733,-0.19835353264569267
2025-03-16,Leicester,Man United,-3,0.5,1.85,-3.5,0.30164646735430733,0.8016464673543073
2025-04-01,Arsenal,Fulham,1,-1.0,1.88,2.0,0.33003505568833424,-0.6699649443116658
2025-04-01,Wolves,West Ham,1,0.0,2.05,1.0,0.4909037229144875,0.4909037229144875
2025-04-01,Nott'm Forest,Man United,1,-0.25,2.03,1.25,0.47197799735846946,0.22197799735846946
2025-04-02,Bournemouth,Ipswich,-1,-1.5,1.89,0.5,0.33949791846634336,-1.1605020815336566
2025-04-02,Brighton,Aston Villa,-3,-0.25,2.07,-2.75,0.5098294484705055,0.2598294484705055
2025-04-02,Man City,Leicester,2,-2.0,2.0,4.0,0.44358940902444255,-1.5564105909755575
2025-04-02,Newcastle,Brentford,1,-0.75,1.9,1.75,0.34896078124435226,-0.40103921875564774
2025-04-02,Southampton,Crystal Palace,0,1.0,1.85,-1.0,0.30164646735430733,1.3016464673543073
2025-04-02,Liverpool,Everton,1,-1.25,1.86,2.25,0.31110933013231645,-0.9388906698676835
2025-04-03,Chelsea,Tottenham,1,-1.0,1.84,2.0,0.29218360457629844,-0.7078163954237016
2025-04-05,Everton,Arsenal,0,0.75,1.83,-0.75,0.2827207417982893,1.0327207417982893
2025-04-05,Crystal Palace,Brighton,1,-0.25,1.85,1.25,0.30164646735430733,0.051646467354307335
2025-04-05,Ipswich,Wolves,-1,0.0,2.02,-1.0,0.46251513458046056,0.46251513458046056
2025-04-05,West Ham,Bournemouth,0,0.25,1.85,-0.25,0.30164646735430733,0.5516464673543073
2025-04-05,Aston Villa,Nott'm Forest,1,-0.5,1.85,1.5,0.30164646735430733,-0.19835353264569267
2025-04-06,Brentford,Chelsea,0,0.25,1.83,-0.25,0.2827207417982893,0.5327207417982893
2025-04-06,Fulham,Liverpool,1,0.5,1.97,0.5,0.4152008206904154,0.9152008206904154
2025-04-06,Tottenham,Southampton,2,-1.5,1.97,3.5,0.4152008206904154,-1.0847991793095846
2025-04-06,Man United,Man City,0,0.25,2.1,-0.25,0.5382180368045328,0.7882180368045328
2025-04-07,Leicester,Newcastle,-3,1.25,1.88,-4.25,0.33003505568833424,1.5800350556883342
2025-04-12,Man City,Crystal Palace,3,-1.0,2.11,4.0,0.5476808995825415,-0.4523191004174585
2025-04-12,Brighton,Leicester,0,-1.5,2.05,1.5,0.4909037229144875,-1.0090962770855125
2025-04-12,Nott'm Forest,Everton,-1,-0.25,2.0,-0.75,0.44358940902444255,0.19358940902444255
2025-04-12,Southampton,Aston Villa,-3,1.0,2.1,-4.0,0.5382180368045328,1.5382180368045328
2025-04-12,Arsenal,Brentford,0,-1.0,1.78,1.0,0.23540642790824418,-0.7645935720917558
2025-04-13,Chelsea,Ipswich,0,-1.75,1.98,1.75,0.42466368346842454,-1.3253363165315755
2025-04-13,Liverpool,West Ham,1,-1.5,2.05,2.5,0.4909037229144875,-1.0090962770855125
2025-04-13,Wolves,Tottenham,2,-0.25,2.0,2.25,0.44358940902444255,0.19358940902444255
2025-04-13,Newcastle,Man United,3,-0.75,2.05,3.75,0.4909037229144875,-0.2590962770855125
2025-04-14,Bournemouth,Fulham,1,-0.25,1.93,1.25,0.3773493695783794,0.1273493695783794
2025-04-16,Newcastle,Crystal Palace,5,-0.75,1.89,5.75,0.33949791846634336,-0.41050208153365664
2025-04-19,Brentford,Brighton,2,0.0,2.0,2.0,0.44358940902444255,0.44358940902444255
2025-04-19,Crystal Palace,Bournemouth,0,0.0,1.89,0.0,0.33949791846634336,0.33949791846634336
2025-04-19,Everton,Man City,-2,0.5,1.99,-2.5,0.43412654624643343,0.9341265462464334
2025-04-19,West Ham,Southampton,0,-1.0,2.08,1.0,0.5192923112485148,-0.4807076887514852
2025-04-19,Aston Villa,Newcastle,3,-0.25,1.93,3.25,0.3773493695783794,0.1273493695783794
2025-04-20,Fulham,Chelsea,-1,0.25,1.92,-1.25,0.36788650680037027,0.6178865068003703
2025-04-20,Ipswich,Arsenal,-4,1.25,1.86,-5.25,0.31110933013231645,1.5611093301323165
2025-04-20,Man United,Wolves,-1,-0.5,1.88,-0.5,0.33003505568833424,-0.16996494431166576
2025-04-20,Leicester,Liverpool,-1,1.75,1.83,-2.75,0.2827207417982893,2.0327207417982893
2025-04-21,Tottenham,Nott'm Forest,-1,0.0,2.08,-1.0,0.5192923112485148,0.5192923112485148
2025-04-22,Man City,Aston Villa,1,-0.5,1.91,1.5,0.3584236440223614,-0.14157635597763862
2025-04-23,Arsenal,Crystal Palace,0,-1.25,1.92,1.25,0.36788650680037027,-0.8821134931996297
2025-04-26,Chelsea,Everton,1,-1.0,2.0,2.0,0.44358940902444255,-0.5564105909755575
2025-04-26,Brighton,West Ham,1,-0.75,2.02,1.75,0.46251513458046056,-0.28748486541953944
2025-04-26,Newcastle,Ipswich,3,-2.0,1.88,5.0,0.33003505568833424,-1.6699649443116658
2025-04-26,Southampton,Fulham,-1,1.0,2.05,-2.0,0.4909037229144875,1.4909037229144875
2025-04-26,Wolves,Leicester,3,-1.0,1.93,4.0,0.3773493695783794,-0.6226506304216206
2025-04-27,Bournemouth,Man United,0,-0.75,1.99,0.75,0.43412654624643343,-0.31587345375356657
2025-04-27,Liverpool,Tottenham,4,-1.75,1.87,5.75,0.32057219291032535,-1.4294278070896747
2025-05-01,Nott'm Forest,Brentford,-2,-0.25,1.97,-1.75,0.4152008206904154,0.16520082069041542
2025-05-02,Man City,Wolves,1,-1.25,1.96,2.25,0.4057379579124065,-0.8442620420875935
2025-05-03,Aston Villa,Fulham,1,-0.75,1.88,1.75,0.33003505568833424,-0.41996494431166576
2025-05-03,Everton,Ipswich,0,-1.0,1.96,1.0,0.4057379579124065,-0.5942620420875935
2025-05-03,Leicester,Southampton,2,-0.25,2.14,2.25,0.5760694879165689,0.32606948791656887
2025-05-03,Arsenal,Bournemouth,-1,-0.25,1.88,-0.75,0.33003505568833424,0.08003505568833424
2025-05-04,Brentford,Man United,1,-0.75,2.15,1.75,0.5855323506945775,-0.16446764930542246
2025-05-04,Brighton,Newcastle,0,0.25,1.94,-0.25,0.3868122323563885,0.6368122323563885
2025-05-04,West Ham,Tottenham,0,-0.25,1.86,0.25,0.31110933013231645,0.06110933013231645
2025-05-04,Chelsea,Liverpool,2,-0.25,2.05,2.25,0.4909037229144875,0.24090372291448747
2025-05-05,Crystal Palace,Nott'm Forest,0,-0.25,1.89,0.25,0.33949791846634336,0.08949791846634336
2025-05-10,Fulham,Everton,-2,-0.5,2.01,-1.5,0.45305227180245145,-0.046947728197548555
2025-05-10,Ipswich,Brentford,-1,1.0,1.84,-2.0,0.29218360457629844,1.2921836045762984
2025-05-10,Southampton,Man City,0,2.0,1.88,-2.0,0.33003505568833424,2.3300350556883345
2025-05-10,Wolves,Brighton,-2,0.0,1.83,-2.0,0.2827207417982893,0.2827207417982893
2025-05-10,Bournemouth,Aston Villa,-1,0.0,1.93,-1.0,0.3773493695783794,0.3773493695783794
2025-05-11,Newcastle,Chelsea,2,-0.25,2.0,2.25,0.44358940902444255,0.19358940902444255
2025-05-11,Man United,West Ham,-2,-0.5,2.03,-1.5,0.47197799735846946,-0.02802200264153054
2025-05-11,Nott'm Forest,Leicester,0,-1.5,1.88,1.5,0.33003505568833424,-1.1699649443116658
2025-05-11,Tottenham,Crystal Palace,-2,0.0,1.95,-2.0,0.3962750951343974,0.3962750951343974
2025-05-11,Liverpool,Arsenal,0,-0.5,1.96,0.5,0.4057379579124065,-0.09426204208759348
2025-05-16,Aston Villa,Tottenham,2,-1.5,1.91,3.5,0.3584236440223614,-1.1415763559776386
2025-05-16,Chelsea,Man United,1,-1.25,1.93,2.25,0.3773493695783794,-0.8726506304216206
2025-05-18,Everton,Southampton,2,-1.25,1.97,3.25,0.4152008206904154,-0.8347991793095846
2025-05-18,West Ham,Nott'm Forest,-1,0.0,1.83,-1.0,0.2827207417982893,0.2827207417982893
2025-05-18,Brentford,Fulham,-1,-0.5,2.08,-0.5,0.5192923112485148,0.019292311248514826
2025-05-18,Leicester,Ipswich,2,-0.25,1.99,2.25,0.43412654624643343,0.18412654624643343
2025-05-18,Arsenal,Newcastle,1,-0.5,1.95,1.5,0.3962750951343974,-0.1037249048656026
2025-05-19,Brighton,Liverpool,1,0.0,1.94,1.0,0.3868122323563885,0.3868122323563885
2025-05-20,Crystal Palace,Wolves,2,-0.25,2.07,2.25,0.5098294484705055,0.2598294484705055
2025-05-20,Man City,Bournemouth,2,-1.0,1.96,3.0,0.4057379579124065,-0.5942620420875935
2025-05-25,Bournemouth,Leicester,2,-1.5,1.96,3.5,0.4057379579124065,-1.0942620420875935
2025-05-25,Fulham,Man City,-2,1.0,2.1,-3.0,0.5382180368045328,1.5382180368045328
2025-05-25,Ipswich,West Ham,-2,0.25,1.98,-2.25,0.42466368346842454,0.6746636834684245
2025-05-25,Liverpool,Crystal Palace,0,-1.5,1.95,1.5,0.3962750951343974,-1.1037249048656026
2025-05-25,Man United,Aston Villa,2,0.75,2.07,1.25,0.5098294484705055,1.2598294484705055
2025-05-25,Newcastle,Everton,-1,-1.5,2.01,0.5,0.45305227180245145,-1.0469477281975486
2025-05-25,Nott'm Forest,Chelsea,-1,0.25,1.86,-1.25,0.31110933013231645,0.5611093301323165
2025-05-25,Southampton,Arsenal,-1,1.5,2.04,-2.5,0.4814408601364786,1.9814408601364786
2025-05-25,Tottenham,Brighton,-3,0.75,2.0,-3.75,0.44358940902444255,1.1935894090244425
2025-05-25,Wolves,Brentford,0,0.0,1.9,0.0,0.34896078124435226,0.34896078124435226
